{
  "parent": "minecraft:item/generated",
  "textures": {
    "layer0": "minecraft:item/emerald"
  },
  "overrides": [
    {
      "predicate": {
        "custom_model_data": 0
      },
      "model": "minecraft:item/airgem"
    },
    {
      "predicate": {
        "custom_model_data": 1
      },
      "model": "minecraft:item/firegem"
    },
    {
      "predicate": {
        "custom_model_data": 2
      },
      "model": "minecraft:item/healgem"
    },
    {
      "predicate": {
        "custom_model_data": 3
      },
      "model": "minecraft:item/icegem"
    },
    {
      "predicate": {
        "custom_model_data": 4
      },
      "model": "minecraft:item/irongem"
    },
    {
      "predicate": {
        "custom_model_data": 5
      },
      "model": "minecraft:item/lavagem"
    },
    {
      "predicate": {
        "custom_model_data": 6
      },
      "model": "minecraft:item/lightgem"
    },
    {
      "predicate": {
        "custom_model_data": 7
      },
      "model": "minecraft:item/sandgem"
    },
    {
      "predicate": {
        "custom_model_data": 8
      },
      "model": "minecraft:item/strenghtgem"
    },
    {
      "predicate": {
        "custom_model_data": 9
      },
      "model": "minecraft:item/watergem"
    },
    {
      "predicate": {
        "custom_model_data": 10
      },
      "model": "minecraft:item/randomgem"
    }
  ]
}